pid,responses,rt,time_elapsed,applicable,lesson,other lessons
0,"{""Q0"":""I click the second steps to see if that is a good direction to try for."",""Q1"":""There was no point in clicking on the ones that lead to a big negative at the second steps, so I would avoid clicking that until something better was revealed on the second steps."",""Q2"":""When I found a good path to go, depending on what was at the second steps, I would stop clicking, to save a few points."",""Q3"":""I clicked on the lower left most point."",""Q4"":""Sometimes I would click on other second steps, even after finding a good positive path, just to see if I could get an even better path.""}",129878,1029492,,,
0,"{""Q0"":""I learned kind of that no matter how good a deal something is, it isn't always going to pan out, that is to say, that I learned that sometimes you have to settle for less."",""Q1"":""There was nothing confusing about it really."",""Q2"":""39"",""Q3"":""Thanks for the fun task! Much appreciated!""}",107399,1137894,1,2,
1,"{""Q0"":""I was clicking on the nodes at the edges to reveal their value since the values 24 and 48- the highest ones were assigned to one of them."",""Q1"":""I decided not to click on nodes between the nodes on the edges because the destination of the highest value nodes was on the edges, on the path to them the value was raging up to 8 at most."",""Q2"":""When I clicked all the edge nodes and found 48 or 24 if there was no 48."",""Q3"":""One of the edge nodes."",""Q4"":""First few rounds I clicked on all nodes to see if there is any pattern (on the test) and then used what learned.""}",215190,731903,,,
1,"{""Q0"":""I learned the highest values on the nodes that are the furthest from the node I began at."",""Q1"":""No, it was easy."",""Q2"":""25"",""Q3"":""It was really fun.""}",59055,791967,0,1,
2,"{""Q0"":""I inspected the end nodes until I found a 48 (or 24 if there were no 48s.)"",""Q1"":""I never clicked on nodes I didn't inspect, except on round 20/20 by accident."",""Q2"":""When I got to a 48 on the outer edge."",""Q3"":""The end nodes in general. More specifically, the end node that was second from the bottom on the left seemed to have a 48 more often than the others so I would always check that one first."",""Q4"":""""}",147361,637671,,,
2,"{""Q0"":""I learned to take risks a little more. My initial reaction to the training game was to try to conserve all my money by not clicking much but I quickly learned that it was much more profitable to simply check the end nodes."",""Q1"":""No"",""Q2"":""31"",""Q3"":""""}",76642,715325,0,4,1
3,"{""Q0"":""when to the next one"",""Q1"":""i followed the same pattern"",""Q2"":""when it wouldn't go anymore"",""Q3"":""left"",""Q4"":""nope""}",49725,731744,,,
3,"{""Q0"":""nothing"",""Q1"":""no"",""Q2"":""55"",""Q3"":""no""}",18372,751125,-999,0,
4,"{""Q0"":""I was trying to optimize the paths I clicked on depending on the possible outcomes that I already knew could come about depending on each step I would take."",""Q1"":""I didn't click where I knew the I already had a better outcome through a different path."",""Q2"":""When I knew I was on the best path possible."",""Q3"":""I always clicked the three first steps of each path. I think I only didn't click all the three steps once because I realized that I could explore the path with the best possible outcome at once I the first number that appeared was positive 4."",""Q4"":""As the game went on I realized more optimal ways of getting a larger profit.""}",223853,1274256,,,
4,"{""Q0"":""That I should have given a better thought to the logic behind the game in the practice session."",""Q1"":""Everything was clear. Although, during the practice session I kept getting waiting penalties. I think the experiment was evaluating if I went through the best route possible."",""Q2"":""53"",""Q3"":""Fun survey.""}",95694,1370979,0,5,
5,"{""Q0"":""Random choices, couldn't figure out the pattern"",""Q1"":""Tried not to click where I previously just did prior round"",""Q2"":""Arbitrary "",""Q3"":""Up"",""Q4"":""n/a""}",45197,523085,,,
5,"{""Q0"":""n/a"",""Q1"":""no"",""Q2"":""24"",""Q3"":""n/a""}",12446,536542,-999,0,
6,"{""Q0"":""I clicked on the last steps bc they would show the largest value or deficit and chose the route with the best last value."",""Q1"":""I didn't bother clicking on the first step circles bc the value was small and wouldn't indicate what was to come with the larger values."",""Q2"":""When I found a +48 I would stop and take that path."",""Q3"":""The end circles."",""Q4"":""""}",84161,543028,,,
6,"{""Q0"":""To click on only the end circles."",""Q1"":""No"",""Q2"":""35"",""Q3"":""""}",25765,569819,0,1,
7,"{""Q0"":""I clicked the last nodes first, because they had the highest values."",""Q1"":""If I found a 48, I didn't really need to click the rest of them."",""Q2"":""I stopped clicking if there was only one 48"",""Q3"":""The final nodes."",""Q4"":""I would click the final nodes, find the 48s and then move towards them. If there were multiple 48s, I would click the 2nd tier as well.""}",75107,611764,,,
7,"{""Q0"":""I learned the last nodes are by far the most important."",""Q1"":""No, not really."",""Q2"":""29"",""Q3"":""That was fun! Thank you!""}",29312,642082,0,7,
8,"{""Q0"":""It was random"",""Q1"":""If it was negative previously"",""Q2"":""I stopped when the timer went off"",""Q3"":""To the left of the starting point"",""Q4"":""I tried to switch the movements as much as possible.""}",70685,487383,,,
8,"{""Q0"":""Pattern recognition."",""Q1"":""None"",""Q2"":""39"",""Q3"":""""}",22879,511273,1,6,
9,"{""Q0"":""It was based on the direction that I wanted to go."",""Q1"":""I would not click if it was the opposite of where I wanted to go."",""Q2"":""I thought that I could only click on one node. I just realized that I could have clicked on more. Stupid. "",""Q3"":""I was most likely to click left. "",""Q4"":""No. ""}",248412,732393,,,
9,"{""Q0"":""Nothing. "",""Q1"":""n/a"",""Q2"":""37"",""Q3"":""""}",34035,767432,-999,0,
10,"{""Q0"":""Started with the 3rd step since it was the largest payoffs"",""Q1"":""2nd and 3rd steps since they were much smaller steps"",""Q2"":""When I got the the +48"",""Q3"":""One of the 3rd steps"",""Q4"":""limited the clicks as much as possible""}",116523,796288,,,
10,"{""Q0"":""Trying to determine the best strategy with the various factors"",""Q1"":""At first, but understood the game during the training"",""Q2"":""49"",""Q3"":""""}",58154,855447,1,5,
11,"{""Q0"":""I checked out a few nodes and then proceeded in the best possible indicated direction."",""Q1"":""I did not click on negatives initially."",""Q2"":""It was just guesswork."",""Q3"":""I was most likely to click where there was a green positive node."",""Q4"":""No.""}",66071,531895,,,
11,"{""Q0"":""I learned to try to deliberate before making a decision."",""Q1"":""No."",""Q2"":""63"",""Q3"":""No.""}",33448,566355,1,5,
12,"{""Q0"":""I clicked on the nodes at the end, because I would head down the path that led me to the 48. If there were two 48s, at first I would click on the first 2 tiers to find the most profitable path, and later I simply stopped when I uncovered the first 48."",""Q1"":""I did not click on nodes that would lead only to 24 or less. Later, I did not click on any nodes in the first two tiers, or any nodes after I found the first 48."",""Q2"":""At first, I stopped clicking when I found the best path to the 48. Later, I stopped clicking when I found the firsts 48."",""Q3"":""It's hard to remember, but I think bottom left."",""Q4"":""That's about it. As described above, it changed as I progressed.""}",363403,814469,,,
12,"{""Q0"":""I did not learn a great deal."",""Q1"":""No."",""Q2"":""21"",""Q3"":""No.""}",25769,841258,-999,0,
13,"{""Q0"":""End goal was to get to 48"",""Q1"":""Stayed away from negative nodes"",""Q2"":""When I reached the highest valued node"",""Q3"":""Each of the end nodes to find the one with 48"",""Q4"":""Pretty straightforward...find 48 and go to it""}",87056,712056,,,
13,"{""Q0"":""Apparently I didn't have the best strategy since my bonus wasn't that high"",""Q1"":""nope"",""Q2"":""32"",""Q3"":""""}",39960,753023,0,5,
14,"{""Q0"":""I randaomnly clicked corners"",""Q1"":""If end step is higher value then I go with that"",""Q2"":""I just search to get 48"",""Q3"":""corners of all four sides"",""Q4"":""I tried to click every corner, If I find 48  then I stopped\n""}",135083,1117584,,,
14,"{""Q0"":""When we get something then We've to loose something"",""Q1"":""Nope"",""Q2"":""34"",""Q3"":""Good""}",50226,1168814,1,7,
15,"{""Q0"":""I first chose to click on each of the last steps on each branch of each of the three paths. If the last steps on two paths offered the same positive payoff, I would click on the second steps for each of these to see which offered the best overall path."",""Q1"":""If both last steps on a path were negative and at least one other path offered a positive payout, I did not click on the second step of that path. I did not click on the first step except on rare occasions, since the penalty quickly became understood to be low."",""Q2"":""If a path had both last steps with a a $48 positive payout, I would choose that path. Otherwise, if it became clear one path had a high probability of being the best option, I would stop clicking on nodes."",""Q3"":""At the last steps of each path."",""Q4"":""Just trying to maximize the potential payoff while clicking on as few nodes as possible ""}",319912,1157508,,,
15,"{""Q0"":""It's OK to spend money to make money! I wasn't keen on clicking on nodes during the training round."",""Q1"":""No"",""Q2"":""63"",""Q3"":""A fun HIT. Thank you!""}",41588,1200099,1,1,
16,"{""Q0"":""the highest number"",""Q1"":""the lowest number"",""Q2"":""just guessed"",""Q3"":""different each time"",""Q4"":""I had no strategy""}",22253,709859,,,
16,"{""Q0"":""Nothing"",""Q1"":""no"",""Q2"":""37"",""Q3"":""""}",10509,721376,-999,0,
17,"{""Q0"":""I started with the end location to see what the result would be.  I would follow back from the highest amount."",""Q1"":""If the end node had a negative, or did not have the highest value (48), I would not click anymore along that trail."",""Q2"":""Once I discovered the \""richest\"" path.  No need to know what are in nodes that I will not travel."",""Q3"":""The end node of the top left corner.  "",""Q4"":""No; I think I have mentioned that above.  If I had more time, I think I could develop a better strategy. ""}",101367,697326,,,
17,"{""Q0"":""How to follow the most profitable path."",""Q1"":""No."",""Q2"":""37"",""Q3"":""None.""}",24984,723329,0,6,
18,"{""Q0"":""I usually looked at the end nodes until I found a +48, then I went there."",""Q1"":""Same thing...just looking around for the best end nodes."",""Q2"":""Once I found a +48, or clicked all the end nodes..."",""Q3"":""End nodes"",""Q4"":""That's about it....unless I'm missing something I was always better off just going to the best end square.""}",83677,599268,,,
18,"{""Q0"":""Sadly, not a lot."",""Q1"":""No."",""Q2"":""40"",""Q3"":""""}",14888,615160,-999,0,
19,"{""Q0"":""It was random."",""Q1"":""It was random."",""Q2"":""I never went beyond the first move because I didnt want to waste money."",""Q3"":""Right."",""Q4"":""The game seemed random, but looking back I realize i could have done better and should have used more clicks.""}",88808,865899,,,
19,"{""Q0"":""To consider my options better."",""Q1"":""No."",""Q2"":""41"",""Q3"":""Nope""}",31930,898846,1,3,
20,"{""Q0"":""I clicked everywhere in case there was a +/-100 or something I didn't expect"",""Q1"":""A few times I didn't click if I felt there was no advantage based on how the test had gone. "",""Q2"":""I never stopped clicking. I'd rather sure money than to take risks. "",""Q3"":""In the Nodes where the $48 usually hid"",""Q4"":""I clicked all the nodes and picked the path with the most money. Even with the $1 fee, I still made a gain every round. ""}",138221,964222,,,
20,"{""Q0"":""I like spiders more when they find me money. "",""Q1"":""No, pretty clear cut"",""Q2"":""26"",""Q3"":""NA""}",39110,1004373,1,6,
21,"{""Q0"":""Since I knew the outside nodes had the biggest values therefore provided the biggest swings, I only clicked on those to reveal where there was the largest positive values."",""Q1"":""I wasn't going to click to reveal in the first or second step nodes because they have a small swing in value."",""Q2"":""If I had revealed the highest value of +48 then I wouldn't click any further"",""Q3"":""The third step nodes not very systematically, more at random."",""Q4"":""I think thats about it, I thought there was a pattern but I either lost it or it was never there.""}",198869,816446,,,
21,"{""Q0"":""Its not where you start, its where you finish."",""Q1"":""No, everything seemed pretty straightforward."",""Q2"":""31"",""Q3"":""in this question, its 'comments' not 'coments', sorry but that's all I have, thanks!""}",104377,921836,1,8,
22,"{""Q0"":""i clicked on the end nodes cause that is where i would end up"",""Q1"":""on the first or second nodes because only the end mattered to me"",""Q2"":""when i found a 48"",""Q3"":""on all the end pieces"",""Q4"":""just went towards the biggest prize at the end""}",138394,725525,,,
22,"{""Q0"":""go where i know the end result"",""Q1"":""no"",""Q2"":""32"",""Q3"":""no""}",45565,772101,1,1,
23,"{""Q0"":""randomly"",""Q1"":""randomly"",""Q2"":""randomly"",""Q3"":""randomly"",""Q4"":""no, i hate this game""}",9698,647215,,,
23,"{""Q0"":""not a goddamn thing"",""Q1"":""yes."",""Q2"":""none of your business"",""Q3"":""shitty game""}",14195,662413,-999,0,
24,"{""Q0"":""I did it at random based on where I thought the highest number values were"",""Q1"":""I tried to avoid nodes with negative number values from previous rounds"",""Q2"":""When the computer told me I needed to wait for x amount of seconds"",""Q3"":""up"",""Q4"":""I just tried to click where I thought the highest numbers would be""}",56360,436949,,,
24,"{""Q0"":""I learned how to play a new game and win some money"",""Q1"":""Not really"",""Q2"":""32"",""Q3"":""N/A""}",19883,457837,1,8,
25,"{""Q0"":""I decided to click to final circles first to see what the last reward would be. Then I clicked the intermediary circles to see what would lose the least money."",""Q1"":""I decided not to click on circles after I had found a good path or if a path was clearly costly then I didn't click the intermediary circles because I wasn't going to take that path anyway."",""Q2"":""I decided to stop clicking when I found a good path."",""Q3"":""I was most likely to click on the end circles."",""Q4"":""I wanted to check if there were better options after I had secured a good path already since I knew I could lose a little per click to reveal a bigger reward.""}",175476,929193,,,
25,"{""Q0"":""I learned that spider is a metaphor for my life."",""Q1"":""No."",""Q2"":""22"",""Q3"":""""}",36885,967091,1,6,
26,"{""Q0"":""The terminal and/or ending spots to determine the final value of the path."",""Q1"":""The midpoint spots since the game is designed to continue until you reach the end of the path."",""Q2"":""After determining the maximum gain spot on the board."",""Q3"":""The endpoints of each path."",""Q4"":""The combination of endpoint spot and minimizing the reveal node penalty of $1.""}",139158,905334,,,
26,"{""Q0"":""There is always a cost associated with acquiring knowledge, monetary or otherwise."",""Q1"":""No."",""Q2"":""25."",""Q3"":""The game was quite fun and a great psyche tool. As, the word coments above is missing the second m. ""}",121119,1027464,1,2,
27,"{""Q0"":""The ends are the ones that matter"",""Q1"":""the middle are not that important"",""Q2"":""The middle ones "",""Q3"":""the far ends"",""Q4"":""nope""}",55118,546828,,,
27,"{""Q0"":""I get better at something with more practice"",""Q1"":""no"",""Q2"":""32"",""Q3"":""""}",36036,583871,1,7,
28,"{""Q0"":""I discovered that it was less money to expose cells than to guess. I clicked on the expensive ones first to eliminate the path if an inadequate reward was present. If there were two equivalent rewards, I then looked into the lower levels."",""Q1"":""If there was no potential reward, I did not click."",""Q2"":""When I found the best path to the big reward. "",""Q3"":""The big prize circles."",""Q4"":""I think I should have ignored the first level prizes when clicking on circles.""}",196381,917831,,,
28,"{""Q0"":""I am sub-average at this game."",""Q1"":""No."",""Q2"":""48"",""Q3"":""I enjoyed this activity, thank you.""}",75911,994746,1,8,
29,"{""Q0"":""From the arrows and guessing."",""Q1"":""Instinct."",""Q2"":""When I got to the end."",""Q3"":""Left or right. "",""Q4"":""I wanted to be fairly repetitive, but it backfired.""}",78544,681657,,,
29,"{""Q0"":""I should have payed a fee to get the clues."",""Q1"":""Not really, I just needed a few more rounds of getting used to it."",""Q2"":""24"",""Q3"":""""}",48578,731245,0,4,
30,"{""Q0"":""I looked for the +48 nodes"",""Q1"":""I did not go where there was a -48 or -24 on the final step"",""Q2"":""Once I found a +48 with the highest second step I went that way"",""Q3"":""Step three on the bottom right"",""Q4"":""No""}",72381,747429,,,
30,"{""Q0"":""To work from the end to the beginning"",""Q1"":""No"",""Q2"":""35"",""Q3"":""Fun game""}",28024,776460,0,1,
31,"{""Q0"":""random to find the highest paid destination"",""Q1"":""if there was a high negative for the destination then I don't click anywhere on that path"",""Q2"":""when I found a path that would get me to the highest destination"",""Q3"":""on the last spot but random"",""Q4"":""no""}",139592,828170,,,
31,"{""Q0"":""nothing really, sorry"",""Q1"":""no"",""Q2"":""45"",""Q3"":""no""}",28033,857209,-999,0,
32,"{""Q0"":""I clicked the very end pieces and just went for it if I saw 48"",""Q1"":""I decided not to check the pieces closest to me if there was a 48, because the reward was greater than the risk"",""Q2"":""I never clicked the nodes closest to me because the reward was greater than the risk"",""Q3"":""The branch nodes"",""Q4"":""I would stop clicking if I saw a 48 and just go for it.""}",123083,849152,,,
32,"{""Q0"":""I'm not sure, maybe I learned a strategy of risk v reward?"",""Q1"":""Only during the training game. After that, it seemed easier."",""Q2"":""31"",""Q3"":""Fun game!""}",48053,898215,1,7,
33,"{""Q0"":""Just tried to find the +48 as quickly as possible. "",""Q1"":""Just tried to find the +48 as quickly as possible and if it wasn't available, tried to find the spot that would give the best profit. "",""Q2"":""After I found the +48 or the highest possible profit."",""Q3"":""I tried to mix it up. Mostly at the top but started clicking left and right randomly. "",""Q4"":""Nothing else to it really. ""}",64452,506964,,,
33,"{""Q0"":""How to maximize where I clicked to get the most profit. "",""Q1"":""Nope, everything was really easy to understand. "",""Q2"":""36"",""Q3"":""Nothing to add. ""}",31559,539539,0,8,
34,"{""Q0"":""final step check"",""Q1"":""not on step leading to negative final step"",""Q2"":""when a positive value in the final step was determined"",""Q3"":""final steps"",""Q4"":""chance""}",91823,867444,,,
34,"{""Q0"":""how to play the game"",""Q1"":""no"",""Q2"":""46"",""Q3"":""no""}",33394,901842,0,8,
35,"{""Q0"":""Given how much larger a value the last steps tended to be, I clicked on them to get a sense of where I should head, and only if there were two seemingly identical paths did I click on the in-between nodes"",""Q1"":""I didn't click on the in-between nodes if the path to the highest last node was obvious"",""Q2"":""I stopped clicking when the path to the highest last node became clear"",""Q3"":""On the bottom left and moving clockwise"",""Q4"":""I eventually tried to just go for the first 48 I saw. I think that jumping the gun like that probably backfired""}",242532,851133,,,
35,"{""Q0"":""I picked up on the range of possible values for each node fairly quickly"",""Q1"":""No, especially with the practice rounds the game was easy to get a good grasp on"",""Q2"":""27"",""Q3"":""That was interesting. Thank you for the invitation""}",100647,952787,0,8,
36,"{""Q0"":""I looked for a 48 at the end and followed the path that would lead to it. If there was no 48 I looked for the best path to a 24."",""Q1"":""I avoided any path that did not lead to a 48"",""Q2"":""I stopped clicking as soon as I found a path that ended in 48"",""Q3"":""the nodes on the end. I generally started on the bottom left one for no particular reason."",""Q4"":""not really""}",102149,688740,,,
36,"{""Q0"":""To try to use fewer clicks."",""Q1"":""no"",""Q2"":""36"",""Q3"":""""}",70857,760603,0,1,
37,"{""Q0"":""If the previous round had a positive amount."",""Q1"":""If the first click was a positive amount."",""Q2"":""I didn't."",""Q3"":""Right"",""Q4"":""It was all random.""}",72907,602821,,,
37,"{""Q0"":""That I can get positive amounts even if the first click is negative."",""Q1"":""No"",""Q2"":""21"",""Q3"":""none""}",58228,662060,0,8,
38,"{""Q0"":""Just from Training block"",""Q1"":""When it is negative we dont want to cicke else our values will get reduced"",""Q2"":""Stop clicking at the end of the block"",""Q3"":""Always on 48 value which is positive"",""Q4"":""Good game to earn :)""}",42761,536332,,,
38,"{""Q0"":""Game of Myth and knowledge"",""Q1"":""None"",""Q2"":""34"",""Q3"":""""}",19147,556483,0,8,
39,"{""Q0"":""Stupid conclusion. I kept sticking with that left side from OCD"",""Q1"":""Same, I felt led to the left, maybe because it did so well in the practice."",""Q2"":""I ran out of space"",""Q3"":""The left"",""Q4"":""I did terribly! That's what I can describe my strategy. I want to try it again. Addicting""}",134891,591370,,,
39,"{""Q0"":""No bonus and not to stick with things out of feelings"",""Q1"":""no"",""Q2"":""34"",""Q3"":""I loved t, thanks for letting me be a part of this""}",38438,630828,1,1,8
40,"{""Q0"":""random, I didn't think there would be a pattern."",""Q1"":""It was just random."",""Q2"":""when no other images came up"",""Q3"":""A"",""Q4"":""no strategy for me at.""}",109003,1846968,,,
40,"{""Q0"":""not much"",""Q1"":""yes because it was just chance"",""Q2"":""35"",""Q3"":""""}",81905,1929881,-999,0,
41,"{""Q0"":""randomly"",""Q1"":""didn't click the middle steps"",""Q2"":""when I found $48"",""Q3"":""The last steps"",""Q4"":""ingore the first steps, because that sweet sweet $48 payday will cover any stepping stone expenses.""}",58452,525267,,,
41,"{""Q0"":""I learned that spiders love money."",""Q1"":""no"",""Q2"":""21"",""Q3"":""Thanks for a cool hit.""}",21042,547313,-999,0,
42,"{""Q0"":""I clicked until I was able to find at least a 24 or a 48 that was green"",""Q1"":""If I saw that there was 2 reds in a row I did not click"",""Q2"":""if I saw a 24 or 48 and the number before it was green I stopped clicking and went for it"",""Q3"":""at the top left or right or the left hand side up"",""Q4"":""I really did not have a strategy I just went mainly by gut instinct. sometime I feel as if I might have clicked too many circles. I just got nervous that I might get all red""}",150209,1010753,,,
42,"{""Q0"":""I am not really sure what I learned. I guess sometimes it is good to take chances because they can pay off"",""Q1"":""no there was nothing confusing. I do think I should not have pushed so many of the circles but again I guess I figured for the one dollar it was worth it "",""Q2"":""42"",""Q3"":""n/a""}",70172,1081936,1,4,
43,"{""Q0"":""Clicked the ending nodes until I found a $48 and went for it."",""Q1"":""didn't waste time on the small values, they weren't enough of a consideration to waste a dollar on."",""Q2"":""Clicked the ending nodes until I found a $48 and went for it."",""Q3"":""the bottom right or bottom left ending nodes."",""Q4"":""Clicked the ending nodes until I found a $48 and went for it pretty much sums it up.""}",108506,579738,,,
43,"{""Q0"":""A bit of efficiency."",""Q1"":""No it was straightforward."",""Q2"":""32"",""Q3"":""""}",35494,616233,1,6,
44,"{""Q0"":""searched for 48 on the outer nodes first"",""Q1"":""were not interested in the first nodes"",""Q2"":""mostly after I found the max node outside"",""Q3"":""outer node, mostly bottom right"",""Q4"":""seemed pretty straight forward""}",72934,578432,,,
44,"{""Q0"":""i probably learned the system of value distribution of this experiment, nothing else."",""Q1"":""no"",""Q2"":""37"",""Q3"":""""}",43162,622614,0,8,
45,"{""Q0"":""I decided to click on all end nodes to see which ones paid higher"",""Q1"":""I decided not to click on nodes if there was any negative values in the end nodes"",""Q2"":""I stopped clicking when I found the best path"",""Q3"":""On the end rounds"",""Q4"":""I just tried my best to find the path with the biggest payout.""}",107951,1140706,,,
45,"{""Q0"":""I learned that not all paths lead to money."",""Q1"":""No, it was easy enough to understand."",""Q2"":""54"",""Q3"":""""}",49983,1191695,0,8,
46,"{""Q0"":""Random"",""Q1"":""Random"",""Q2"":""I didn't"",""Q3"":""Random"",""Q4"":""It wasn't a good strategy\n""}",59776,945301,,,
46,"{""Q0"":""Not a thing"",""Q1"":""Nope"",""Q2"":""60"",""Q3"":""I hope my answers help with your study!\n""}",33489,979796,-999,0,
47,"{""Q0"":""I tried to find the highest payoff."",""Q1"":""I didn't click the middle steps, where I had to land no matter what"",""Q2"":""I stopped once I found a good path to the 48"",""Q3"":""the final destination"",""Q4"":""I just wanted to find the biggest payoff, because I knew it would always result in a positive""}",67413,911654,,,
47,"{""Q0"":""I learned how to find the end goal."",""Q1"":""no"",""Q2"":""27"",""Q3"":""n/a""}",21350,934042,0,8,
48,"{""Q0"":""guess"",""Q1"":""guess"",""Q2"":""when I arrived at the end"",""Q3"":""guess"",""Q4"":""no""}",30968,1168918,,,
48,"{""Q0"":""it was slow"",""Q1"":""a little"",""Q2"":""28"",""Q3"":""no""}",38344,1208299,0,8,
49,"{""Q0"":""I decided that the end values were the most important, so I clicked there; that's where the most money was."",""Q1"":""I tried not to click on the middle values unless I really needed to to determine which end value to go for."",""Q2"":""It varied. I would nearly always click all of the end values, but sometimes, once I found a 48, I would just go for it. I felt it was more beneficial though to click on all the values and lose that money than to lose 24 or 48. If I found two 48s, then I would click on values on the way to each one to decide which was the best to go for."",""Q3"":""On one of the end values, none more likely than any other, except maybe the one that my cursor was closest to."",""Q4"":""If I played longer and kept track of what I was clicking on better, then I may be able to develop a better strategy.""}",280524,944261,,,
49,"{""Q0"":""Sometimes it's worth it to spend money to get money."",""Q1"":""No."",""Q2"":""36"",""Q3"":""I was in the final round when I went to click on a node. I think I missed the node, and clicked outside of the game, and this sent me back to the consent page, so I had to start at the beginning again.""}",102335,1047641,1,7,1
50,"{""Q0"":""I decided to click on the most valuable nodes, since it was most valuable to head for the $48 regardless of what negative nodes were in the way."",""Q1"":""I opted not to waste money on the low-value nodes, as long as I had a high-value node to head for."",""Q2"":""Once I located a $48 node, there was no need to waste money on further investigation. No matter what nodes I landed on en route to the $48 node, I would come out ahead."",""Q3"":""Any one of the 3rd, high-potential nodes. I attempted to randomize my selection of which particular high-potential node to pick, but such things are rarely truly random."",""Q4"":""My earnings increased greatly when I realized it was a waste of money to investigate the low-value nodes.""}",142594,633533,,,
50,"{""Q0"":""It's worth investing resources in gathering information, but only up to the point where you determine a worthwhile goal. Furthermore, if your goal is worthwhile and attainable, you can afford to sustain losses along the way."",""Q1"":""It was pretty straightforward."",""Q2"":""32"",""Q3"":""I appreciate that you offered the practice rounds beforehand. That helped me solidify my strategy early during the actual test rounds.""}",93031,727580,1,2,
51,"{""Q0"":""just took a guess"",""Q1"":""just took a guess"",""Q2"":""just took a guess"",""Q3"":""to the right"",""Q4"":""just guessed most of everything, no pattern""}",56858,505630,,,
51,"{""Q0"":""My assumptions need work."",""Q1"":""no"",""Q2"":""38"",""Q3"":""I will take a nice bonus if you feel giving today.""}",55901,562552,1,6,
52,"{""Q0"":""I tried to change the direction i went every time"",""Q1"":""I tried to click different options"",""Q2"":""once i was to an end"",""Q3"":""up"",""Q4"":""i did not use a strategy""}",64176,861388,,,
52,"{""Q0"":""That I should have thought more about where to move"",""Q1"":""no"",""Q2"":""34"",""Q3"":""""}",27498,889972,0,5,
53,"{""Q0"":"""",""Q1"":"""",""Q2"":"""",""Q3"":"""",""Q4"":""""}",9721,1378127,,,
53,"{""Q0"":"""",""Q1"":"""",""Q2"":"""",""Q3"":""""}",10565,1389698,-999,0,
54,"{""Q0"":""just at random"",""Q1"":""i didnt "",""Q2"":""until the end of the node"",""Q3"":""to the right"",""Q4"":""na""}",42970,731201,,,
54,"{""Q0"":""nothing"",""Q1"":""no"",""Q2"":""33"",""Q3"":""""}",13483,745723,-999,0,
55,"{""Q0"":""by looking for final reward "",""Q1"":""not clicking on initial steps because they where low values "",""Q2"":""when system said I only get 1 click "",""Q3"":""at reward node at the end"",""Q4"":""I think I might have misunderstood rules about nodes""}",122793,611564,,,
55,"{""Q0"":""to try to guess correctly"",""Q1"":""no except maybe I misunderstood how to use node reader"",""Q2"":""43"",""Q3"":""""}",47697,660267,1,5,
56,"{""Q0"":""I clicked on the nodes that would have the highest potential numbers"",""Q1"":""The lowest potential numbers do not have as much of a risk. "",""Q2"":""When I saw the message about it costing to click."",""Q3"":""The last possible spots in each direction. "",""Q4"":""I think that about covers it. ""}",90385,630280,,,
56,"{""Q0"":""I don't know that I learned anything. I guess figuring out how to complete each round successfully. "",""Q1"":""Nope. "",""Q2"":""36"",""Q3"":""none""}",63163,694449,-999,0,
57,"{""Q0"":""I clicked on the circles that are farthest from the mode first"",""Q1"":""the ones that are closest to the mode"",""Q2"":""When I saw the price at $48"",""Q3"":""At the places farthest from the mole"",""Q4"":""none""}",102145,946484,,,
57,"{""Q0"":""Be strategic"",""Q1"":""none"",""Q2"":""39"",""Q3"":""interesting survey""}",44547,992079,1,5,
58,"{""Q0"":""I originally thought that picking a node next to the spider would help me narrow down my choices but I changed that strategy once I earned more money.  At that point I started to focus on the end point nodes instead."",""Q1"":""I never got into the habit of clicking the second node the spider encounters.  I originally thought the first node was more important in figuring out what path was better but I realized the amounts in the end nodes had more of a bearing on how much I earned."",""Q2"":""I would click the final nodes until I came across a green 48 and I would make a path towards that reward."",""Q3"":""Initially, I focused on the right or left nodes directly next to the spider but eventually, I focused on the outer nodes where the rewards were greatest.  This became truer as I accumulated more money and I could absorb the cost of picking more nodes."",""Q4"":""I realize at the beginning when I had less money, I took more risks with my choices by only clicking 1 or 2 nodes but as I accumulated more money, I actually became more risk averse and I would click more and more nodes.  I think I was afraid there would be a \""wildcard\"" node where I would lose 500 or something.""}",820613,1406138,,,
58,"{""Q0"":""I learned that looking at the end goal is more profitable then looking at the first choice I encountered.  I also realized I took bigger chances (clicking fewer nodes) when I had less money and I took fewer chances (clicking more nodes) when I had more money.  Maybe that's how the rich STAY rich!"",""Q1"":""Nothing was hard to understand but the game had a bit of a learning curve to it (at least for me).  "",""Q2"":""36"",""Q3"":""Interesting study! Good luck with your research!""}",322297,1729451,1,1,
59,"{""Q0"":""the end nodes had the most cost/reward benefit"",""Q1"":""the interior node had the least cost/reward"",""Q2"":""when i reached the maximum possible reward"",""Q3"":""on one of the extreme nodes"",""Q4"":""""}",48661,527027,,,
59,"{""Q0"":""the benefits of risk/reward"",""Q1"":""no"",""Q2"":""34"",""Q3"":""""}",22847,550930,1,7,
60,"{""Q0"":""Click on highest values first to determine greatest risk/reward, then in case of a \""tie\"", move up to middle/lower values to determine path."",""Q1"":""Did not click on paths with highest negative values."",""Q2"":""When it was clear which path was most likely to yield highest return."",""Q3"":""All end nodes"",""Q4"":""Not really!""}",109253,787626,,,
60,"{""Q0"":""Focus on the points of highest impact"",""Q1"":""No"",""Q2"":""36"",""Q3"":""""}",30404,819032,1,1,
61,"{""Q0"":""I JUST CLICKED THE POSITIVE RESULTS"",""Q1"":""THE ones that were negative"",""Q2"":""when i seen the positive 48"",""Q3"":""the positive result"",""Q4"":""nope""}",83427,966376,,,
61,"{""Q0"":""it seemed like a maze"",""Q1"":""no"",""Q2"":""33"",""Q3"":""""}",20288,987731,0,8,
62,"{""Q0"":""Where the green positive money is the 48"",""Q1"":""where it was a negative and red"",""Q2"":""when I got to the last positive number and the arrows are pointing the opposite because I can only travel in the way of the arrow"",""Q3"":""the highlighted corners"",""Q4"":""going in the way of the green nodes where it lead to the highest pay""}",127969,1130662,,,
62,"{""Q0"":""To follow direction firstly. "",""Q1"":""I kept forgetting to click on the highlighted areas at first"",""Q2"":""50"",""Q3"":""I feel silly it took me a little bit to follow along but now I see it was as simple as pie.""}",73372,1205046,0,6,
63,"{""Q0"":""I just started on the left and went from there"",""Q1"":""I didn't really, just kept starting with the lower left node"",""Q2"":""When i found a green 24 or 48"",""Q3"":""The lower left node"",""Q4"":""stopped clicking once i got a green 24 or 48 and chose that path""}",50339,784149,,,
63,"{""Q0"":""strategy"",""Q1"":""no"",""Q2"":""35"",""Q3"":""""}",14025,799191,1,5,
64,"{""Q0"":""I pretty much did it at random, but if in the last game, 48 was at one particular point, I usually tried a different point."",""Q1"":""See above."",""Q2"":""When I found 48."",""Q3"":""It varied."",""Q4"":""That's about it.""}",75007,915211,,,
64,"{""Q0"":""I learned to click on the nodes to find out where the 48 was. It was worth spending money on doing that because I still ended up making money."",""Q1"":""It took me a little while to understand what to do."",""Q2"":""55"",""Q3"":""it was fun.""}",82974,999208,0,1,8
65,"{""Q0"":""I clicked all of the end nodes, since those were the highest dollar amount. "",""Q1"":""Mostly, I didn't click the step 1 and 2, because the dollar amounts were low. "",""Q2"":""When I found the highest dollar amount, I usually stopped clicking and went that route. "",""Q3"":""All 6 end nodes. "",""Q4"":""I mostly just focused on the end nodes. ""}",141052,956004,,,
65,"{""Q0"":""I'm mostly focused on the end result. "",""Q1"":""no"",""Q2"":""39"",""Q3"":""""}",83345,1040355,1,1,
66,"{""Q0"":""I clicked on the last steps first to see which were worthwhile"",""Q1"":""When I already clicked other steps nearby I was less likely to click first steps in those corners"",""Q2"":""Once I had enough information about each last step"",""Q3"":""the last step in any given corner"",""Q4"":""I tried to refrain from clicking to see values excessively ""}",130688,1422495,,,
66,"{""Q0"":""How o navigate the spider web in close to as little clicks as possible"",""Q1"":""no"",""Q2"":""22"",""Q3"":""fun""}",46176,1469675,0,1,8
67,"{""Q0"":""The corners to see the end goal."",""Q1"":""The first and second steps had low values."",""Q2"":""When I found the highest I could earn."",""Q3"":""Yes I was."",""Q4"":""Nothing else ""}",74688,605907,,,
67,"{""Q0"":""Look at the options that are most beneficial to you."",""Q1"":""None"",""Q2"":""22"",""Q3"":""None""}",59705,666626,1,6,
68,"{""Q0"":""yes "",""Q1"":""yes"",""Q2"":""yes"",""Q3"":""right"",""Q4"":""good ""}",45778,1537417,,,
68,"{""Q0"":""its just a game "",""Q1"":""yes"",""Q2"":""76"",""Q3"":""nice""}",40737,1579161,-999,0,
69,"{""Q0"":""I tried to figure out where the highest value was."",""Q1"":""I couldn't figure it out."",""Q2"":""I usually just tried once and had an idea what other values would be."",""Q3"":""Left or top."",""Q4"":""I tried figuring out the pattern, but could not see it.""}",51776,786366,,,
69,"{""Q0"":""I'm not sure I learned very much.  I couldn't figure out what the values would be."",""Q1"":""The values after clicking didn't seem to have an obvious pattern to me.  I couldn't reproduce results."",""Q2"":""38"",""Q3"":""Thanks!""}",45936,833310,-999,0,
70,"{""Q0"":""I followed a pattern."",""Q1"":""I tried to go with my feelings."",""Q2"":""When I was losing too much money."",""Q3"":""The top right."",""Q4"":""No.""}",38786,862459,,,
70,"{""Q0"":""I need to go with my feelings."",""Q1"":""No."",""Q2"":""37"",""Q3"":""No.""}",31440,894920,1,6,
71,"{""Q0"":""Corners first"",""Q1"":""Not inside nodes first"",""Q2"":""Felt good of the amount I could earn."",""Q3"":""Corners left"",""Q4"":""Just making sure I earned positive""}",60888,680704,,,
71,"{""Q0"":""Nothing"",""Q1"":""nop"",""Q2"":""29"",""Q3"":""""}",44238,725949,-999,0,
72,"{""Q0"":""CENTER"",""Q1"":""LEFT SIDE"",""Q2"":""TOP"",""Q3"":""RIDE SIDE"",""Q4"":""NO""}",103028,1128093,,,
72,"{""Q0"":""CALCULATING"",""Q1"":""NO"",""Q2"":""55"",""Q3"":""GOOD ""}",58125,1187234,1,5,
73,"{""Q0"":""To differentiate between the \""traveling\"" costs to get to the desired end node."",""Q1"":""On nodes that didn't lead to the desire end node."",""Q2"":""When I found a path I wanted to take."",""Q3"":""The end nodes"",""Q4"":""At the end, my strategy evolved to stop clicking once I discovered a non-negative path.  If I could do it over, I'd have made more money""}",307710,1143611,,,
73,"{""Q0"":""Spend more time finding developing a strategy.  Observe the conditions of the constrained \""reality\"" of the game."",""Q1"":""No, kids would enjoy it."",""Q2"":""55"",""Q3"":""Good experiment!""}",190169,1334797,1,5,
74,"{""Q0"":""I clicked to find the $48 at the very end of the paths, then if there were multiple $48 I clicked to find which path would be less costly to walk through"",""Q1"":""I didn't click the middle paths if there wasn't a $48 at the end"",""Q2"":""When I felt I had enough information to continue. "",""Q3"":""The last node of every path."",""Q4"":""I clicked the very last nodes. I clicked to find at least one $48 in each pair (if I found a $48 I didn't click the other one, since even if it were another $48 I wouldn't incur costs to get to it anyways). ""}",184389,796415,,,
74,"{""Q0"":""I learned it was cheaper to unclick the nodes than to guess where might be most rewarding to go."",""Q1"":""Nope."",""Q2"":""23"",""Q3"":""That was a lot of fun!""}",67824,865248,0,7,
75,"{""Q0"":""started with the biggest paying nodes to try and find the biggest payout"",""Q1"":""the earlier stages didn't matter so I would often not click them just the end stages"",""Q2"":""when I found a green 48 or revealed all the final places"",""Q3"":""one of the ends, usually the upper right one"",""Q4"":""I tried to maximize my final payout and minimize my clicks to reveal""}",121921,695201,,,
75,"{""Q0"":""I feel like I learned about my decision making"",""Q1"":""No, the premise was simple enough"",""Q2"":""27"",""Q3"":""""}",54732,750946,1,6,
76,"{""Q0"":""I wanted to see the best direction to start and the highest end result."",""Q1"":""Once I picked a direction, I didn't need to see the middle."",""Q2"":""Once I found the highest payout."",""Q3"":""The top bubble closest to the spider."",""Q4"":""not really.""}",160520,764422,,,
76,"{""Q0"":""fewer clicks yield higher rewards."",""Q1"":""no"",""Q2"":""32"",""Q3"":""no""}",37257,802686,0,7,
77,"{""Q0"":""clicked on the ends because thats where it eded, long term outcome"",""Q1"":""didn't need to click on anything but the end ones, useless"",""Q2"":""when I found a green"",""Q3"":""randomly on an end"",""Q4"":""got it coverd""}",117128,816576,,,
77,"{""Q0"":""validated my usual choice to look at the long term outcome"",""Q1"":""no"",""Q2"":""36"",""Q3"":""""}",70252,887843,1,1,
78,"{""Q0"":""Based on the dollar amounts around it"",""Q1"":""Where there was negative money around it"",""Q2"":""When I found a positive path"",""Q3"":""Random"",""Q4"":""No""}",89394,746144,,,
78,"{""Q0"":""Nothing"",""Q1"":""No"",""Q2"":""30"",""Q3"":""""}",23474,770663,-999,0,
79,"{""Q0"":""I clicked the end points until I found the positive 48, or 24 if the 48 wasn't found. "",""Q1"":""I didn't need to click the inside ones because they were much lower value."",""Q2"":""Once I found a positive 48, there was no need to continue. I only clicked all end points if the +48 wasn't found. "",""Q3"":""Bottom left and work my way around. "",""Q4"":""Not really.""}",95071,599391,,,
79,"{""Q0"":""Don't keep going after you've found the max payout."",""Q1"":""No"",""Q2"":""39"",""Q3"":""no""}",49567,649978,0,2,
80,"{""Q0"":""the blue corners of the game."",""Q1"":""just guessing honestly."",""Q2"":""after you click and see a negative value."",""Q3"":""at the top of the chart."",""Q4"":""not really. was mostly luck.""}",180782,948991,,,
80,"{""Q0"":""how to make optimal move choices."",""Q1"":""not really."",""Q2"":""25"",""Q3"":""""}",22590,972588,1,8,
81,"{""Q0"":""Just picked randomly"",""Q1"":""Just picked randomly"",""Q2"":""Once I found the $48"",""Q3"":""Chose randomly"",""Q4"":""""}",42401,672549,,,
81,"{""Q0"":"""",""Q1"":""I didnt understand at the beginning that  I should have been clicking the nodes on the ends. "",""Q2"":""32"",""Q3"":""""}",30764,704321,-999,0,
82,"{""Q0"":""I clicked on the final steps because it was where the largest rewards were located."",""Q1"":""I didn't click on the earlier steps because they rewards were small enough not to make a big difference either way."",""Q2"":""I quit clicking as soon as I found the positive $48 value."",""Q3"":""I was most likely to click at the far left of the screen."",""Q4"":""Mainly I was looking for the $48 value.""}",60117,617885,,,
82,"{""Q0"":""I learned how to prioritize higher values."",""Q1"":""No."",""Q2"":""35"",""Q3"":""n/a""}",18959,637857,0,6,
83,"{""Q0"":""Started to get the hang of it.  First box then end boxes.  Trying to find higher end points"",""Q1"":""If the lane started out neg I went toward positive direction"",""Q2"":""Starts out negative, I moved onto positive direction"",""Q3"":""All 3 starting points"",""Q4"":""Didnt start getting the hang of it till the end, Id be good at it if I redid it now.""}",95377,558101,,,
83,"{""Q0"":""Read the instructions slower"",""Q1"":""Yeah the clicks, Can only click before I move.  I didnt catch that till halfway through the test."",""Q2"":""38"",""Q3"":""Fun one!""}",37847,596954,1,6,
84,"{""Q0"":""I clicked on every last step to see which one is the highest"",""Q1"":""I stopped when I saw 48"",""Q2"":""When I saw 48"",""Q3"":""Upper right"",""Q4"":""No, it was really just me guessing""}",65366,657469,,,
84,"{""Q0"":""That I need to come up with a better strategy next time."",""Q1"":""No"",""Q2"":""31"",""Q3"":""No""}",28931,687414,1,5,
85,"{""Q0"":""Just randomly"",""Q1"":""scouted out the area"",""Q2"":""when I saw a good payoff"",""Q3"":""corners"",""Q4"":""I clicked until i saw a good payout""}",130571,639548,,,
85,"{""Q0"":""to analyze all situations"",""Q1"":""no"",""Q2"":""22"",""Q3"":""great study""}",777414,1417972,1,3,
86,"{""Q0"":""I clicked on the last ones to see where to end up"",""Q1"":""negative numbers "",""Q2"":""when I found a positive"",""Q3"":""the end"",""Q4"":""just went for the most positive numbers.""}",65138,796387,,,
86,"{""Q0"":""that you have to get through the negative to get to the positive"",""Q1"":""no"",""Q2"":""42"",""Q3"":""have a great day""}",38487,835885,1,7,
87,"{""Q0"":""I went for the largest overall payoffs"",""Q1"":""by looking beforehand"",""Q2"":""when it was a losing proposition"",""Q3"":""toward wherever the largest payoff ended up"",""Q4"":""I always chose to look""}",55364,667694,,,
87,"{""Q0"":""to look ahead"",""Q1"":""no"",""Q2"":""50"",""Q3"":""none""}",17235,685932,1,1,
88,"{""Q0"":""random"",""Q1"":""random"",""Q2"":""i went for it all"",""Q3"":""up"",""Q4"":""to see if the positive were moving in around the board clockwise or counterclock wise.. pro tip.. it didnt.""}",51959,459002,,,
88,"{""Q0"":""that i'm not very good at this game"",""Q1"":""not really"",""Q2"":""37"",""Q3"":""was fun none the less""}",24235,484248,0,8,
89,"{""Q0"":""At first I decided to reveal the first step to decide, then the second step, then the third."",""Q1"":""By revealing the last step."",""Q2"":""I changed my strategy towards the end by only revealing the last step."",""Q3"":""The first step."",""Q4"":""Towards the end I realized that revealing the last step was the most profitable.""}",153569,923777,,,
89,"{""Q0"":""That you have to lose a little to get a lot."",""Q1"":""No."",""Q2"":""32"",""Q3"":""I would like to try this again, but use a different strategy to find out if the results would be better.""}",64631,989435,1,7,
90,"{""Q0"":""based on what path I chose "",""Q1"":""negative amounts"",""Q2"":""got to the green amounts"",""Q3"":""the end caps"",""Q4"":""click the end caps only ""}",64509,699470,,,
90,"{""Q0"":""hit the ends caps"",""Q1"":""no"",""Q2"":""46"",""Q3"":""""}",23549,724041,0,8,
91,"{""Q0"":""i only clicked the outside nodes because that's where i had to move"",""Q1"":""I didn't click the inside nodes because I have to go on them anyway"",""Q2"":""when I found a 48 reward"",""Q3"":""top left node"",""Q4"":""just guesswork mostly""}",92220,675698,,,
91,"{""Q0"":""Keep clicking until I find 48 then go there. sometimes there was no 48"",""Q1"":""no"",""Q2"":""28"",""Q3"":""fun game""}",71339,748054,0,1,8
92,"{""Q0"":""I would start clicking at the farthest end of each web of nodes because those are where the high numbers were located and I avoided clicking around negative high number."",""Q1"":""I decided not click nodes just prior to a negative number at the end of the web because the negative number at the end was unlikely to make up for the numbers prior to it."",""Q2"":""If I hit a chain of two positive numbers in a row along a given web, I stopped clicking and went for it."",""Q3"":""The nodes most far out in the web are where I started each time."",""Q4"":""I would randomly decide which of the web-end nodes to click first, but basically always revealed them all. Most of the time I tried deductive reasoning to decide where to go and would spend several dollars revealing nodes, but sometimes I would just take a risk and try to save my dollars.""}",212385,832449,,,
92,"{""Q0"":""Sometimes you are surprised by negative numbers along the way, and sometimes you lost more money by revealing too many nodes for a cost, even though you chose the most lucrative path."",""Q1"":""Once I got the hang of it, no. "",""Q2"":""24"",""Q3"":""I kind of enjoyed this little game! It's good for waking up the brain a bit.""}",80644,914112,0,7,8
93,"{""Q0"":""I checked from the first node"",""Q1"":""I mostly peeked and then followed the path to the highest number"",""Q2"":""I clicked to find out the first move and then if i found +48 as a last node, I followed that path"",""Q3"":""Left"",""Q4"":""I tried to minimize how much I peeked to save the dollar, but the investment was worth it to look.""}",118992,1049473,,,
93,"{""Q0"":""Investing a little paid off"",""Q1"":""No"",""Q2"":""33"",""Q3"":""Fun""}",21463,1072013,1,4,7
94,"{""Q0"":""I started on the outer most level of dots since they had the highest value."",""Q1"":""The closer the dot was to start, the lower the number."",""Q2"":""Once I found the highest number, I stopped clicking."",""Q3"":""On the dot I ended on last."",""Q4"":""""}",98714,714266,,,
94,"{""Q0"":""How to eliminate quickly and efficiently."",""Q1"":""No"",""Q2"":""33"",""Q3"":""""}",29152,744436,1,6,
95,"{""Q0"":""I began finding the highest value end point, then moving in that direction no matter what the mid-node value was. "",""Q1"":""I stopped clicking on the mid-nodes when I realized the value disparity between them and the end points. "",""Q2"":""Once I found the 48 (or, if there was no 48, the last end point) I stopped clicking. "",""Q3"":""At the bottom left and then I moved counter clockwise (mostly)"",""Q4"":""That's pretty much it. ""}",94851,564739,,,
95,"{""Q0"":""I learned this game system and about not worrying about the mid points if the end values were worth it. "",""Q1"":""Everything was easy to understand."",""Q2"":""37"",""Q3"":""""}",43532,609277,0,8,
96,"{""Q0"":""I clicked in the final nodes until I found a 48"",""Q1"":""I didn't see any point in clicking the first nodes"",""Q2"":""When I found a 48"",""Q3"":""last nodes"",""Q4"":""not really""}",50159,608490,,,
96,"{""Q0"":""That it wasn't that worthwhile clicking any nodes but the last. On second thought I probably should have found the best route to 48 as it only cost 1 to click but I could gain a little more by avodiing negative nodes."",""Q1"":""How I could get $5"",""Q2"":""38"",""Q3"":""disappointed in my bonus, how are you supposed to be able to get $5""}",69774,679268,0,8,
97,"{""Q0"":""Random"",""Q1"":""I mainly just clicked on the last steps"",""Q2"":""When I saw a 48"",""Q3"":""Random"",""Q4"":""Nothing else to it""}",42833,863288,,,
97,"{""Q0"":""To just click on the last nodes"",""Q1"":""No"",""Q2"":""30"",""Q3"":""No""}",21720,886042,0,8,
98,"{""Q0"":""I clicked on the last nodes until I found a +24 or +48, because those were the highest values - the other nodes didn't really matter."",""Q1"":""The inner nodes are the smallest values - it doesn't matter what they are as long as I know that I will end up on a larger positive number at the end."",""Q2"":""I stopped once I found at least a +24 on an outer node."",""Q3"":""On any of the outer nodes - I frequently started on the right hand side."",""Q4"":""Nothing I can think of.""}",134060,727179,,,
98,"{""Q0"":""I don't know if I learned much beyond forming a strategy to play this game."",""Q1"":""No"",""Q2"":""33"",""Q3"":""None""}",39519,767722,0,5,
99,"{""Q0"":""I normally clicked the last stage buttons because I thought it was most important"",""Q1"":""I tended to not click on the first stage buttons because they were less and the end number was all that matter to me"",""Q2"":""I stopped when I felt I had the information necessary to make a good choice"",""Q3"":""The end numbers like 24 and 48"",""Q4"":""Nothing else""}",75714,2193102,,,
99,"{""Q0"":""I didn't learn much, just a bit of reasoning"",""Q1"":""No"",""Q2"":""30"",""Q3"":""no""}",23165,2217273,1,5,
100,"{""Q0"":""Revealing the end goal value was the most important since the paths were pretty much the same getting there"",""Q1"":""I didn't want to waste clicks on checking to see since it would be a small value in the beginning"",""Q2"":""I only needed to know which path to take. If I found the $48 on the first click, I would just take that path instead of clicking more."",""Q3"":""Each end point "",""Q4"":""Tried to find the highest end point value and chose the path towards it. If all were pretty similar, I would go towards the most positive path.""}",180875,1189366,,,
100,"{""Q0"":""I'm not really sure what I learned."",""Q1"":""No"",""Q2"":""26"",""Q3"":""n/a""}",46395,1236771,-999,0,
101,"{""Q0"":""random"",""Q1"":""test"",""Q2"":""tired"",""Q3"":""left"",""Q4"":""none""}",29930,509435,,,
101,"{""Q0"":""no"",""Q1"":""no"",""Q2"":""39"",""Q3"":""cool beans""}",22077,532532,-999,0,
102,"{""Q0"":""I couldn't see the pattern so it became all random"",""Q1"":""All random"",""Q2"":""Couldn't "",""Q3"":""It was random each time"",""Q4"":""""}",57822,932325,,,
102,"{""Q0"":""That spiders and random nodes are frustrating"",""Q1"":""I feel like I missed a pattern that was developing through the training phase. "",""Q2"":""36"",""Q3"":""""}",43564,976896,0,8,
103,"{""Q0"":""from experience"",""Q1"":""from experience"",""Q2"":""after I knew all the values"",""Q3"":""last nodes"",""Q4"":""first clicked the last nodes and then the click on the way to the most value nodes""}",103844,1398209,,,
103,"{""Q0"":""Find the highest value and work your way there"",""Q1"":""No"",""Q2"":""37"",""Q3"":""Fun study!""}",58475,1457691,1,5,
104,"{""Q0"":""I usually followed the low money"",""Q1"":""Whatever was highest - "",""Q2"":""When I couldn't move again."",""Q3"":""The lowest number...usually to the left."",""Q4"":""Not really - I thought I had figured it out a bit, but apparently not!""}",76669,558755,,,
104,"{""Q0"":""Nothing is guaranteed. "",""Q1"":""It was only confusing in that I was trying to determine a pattern, and I was probably overthinking it. "",""Q2"":""41"",""Q3"":""""}",58984,618774,1,6,
105,"{""Q0"":""I tried to click on each different node per game."",""Q1"":""I chose not to click the same nodes that showed a loss of money."",""Q2"":""If the nodes showed the same amount in loss and win, I stopped clicking. If the first click was a positive gain, I stopped clicking."",""Q3"":""Yes."",""Q4"":""I tried not to click too many times unless there were only negative nodes appearing. ""}",151747,1383932,,,
105,"{""Q0"":""I think there was a real strategy to the game that I didn't quite captured."",""Q1"":""No."",""Q2"":""37"",""Q3"":""No more comments.""}",65347,1450285,-999,0,
106,"{""Q0"":""By using the node revealer, I could see what the optimal and most lucrative path would be"",""Q1"":""By process of elimination. If I use the node revealer on the end nodes first, I could click as few as possible. Saving money in turn"",""Q2"":""When I had all the information that I needed to get to the optimal end node"",""Q3"":""The end nodes"",""Q4"":""No, it has been fully described in the above answers""}",80918,576940,,,
106,"{""Q0"":""Nothing"",""Q1"":""No"",""Q2"":""24"",""Q3"":""no""}",18487,596438,-999,0,
107,"{""Q0"":""try to go with positive"",""Q1"":""avoided negative"",""Q2"":""No more clicks"",""Q3"":""positive value"",""Q4"":""I didnt realize i could stop at a positive amount. ""}",53620,572598,,,
107,"{""Q0"":""had fun"",""Q1"":""I didint know i could stop"",""Q2"":""33"",""Q3"":""fun""}",27620,601227,-999,0,
108,"{""Q0"":""I started by trying to find the largest values on the furthest steps, if the largest value matched, I would then check the value of step 2."",""Q1"":""I tried to avoid clicking step 1 unless absolutely necessary since it had the lowest return rate. "",""Q2"":""I stopped clicking when it was clear that one path would lead me to the highest reward."",""Q3"":""The most outer circles."",""Q4"":""I figured that I'd rather overclick than underclick because the cost of clicking would ultimately be less than what I would lose. ""}",119548,775524,,,
108,"{""Q0"":""To be cautious when making decisions with money."",""Q1"":""No"",""Q2"":""22"",""Q3"":""""}",39612,816154,1,5,
109,"{""Q0"":""I made random choices. Trying to determine patterns "",""Q1"":""I chose randomly. "",""Q2"":""It was random "",""Q3"":""1st node. I didn't realize I could click on more than one for a while into the game. "",""Q4"":""I tried to notice patterns, but going so quickly made that difficult to do. ""}",118816,993636,,,
109,"{""Q0"":""I'm pretty sure if given the chance, I would do much better. I should have clicked on more nodes. "",""Q1"":""No"",""Q2"":""43"",""Q3"":""""}",44869,1039514,0,4,
110,"{""Q0"":""I clicked on the outside last nodes to see which one had the highest number."",""Q1"":""Once I had found 48 I did not click anymore, otherwise I clicked all the outside nodes. "",""Q2"":""When I found the highest numbered node, which was 48 or 24."",""Q3"":""Bottom left then work around. "",""Q4"":""No""}",93097,681570,,,
110,"{""Q0"":""Try to get the highest score. "",""Q1"":""No "",""Q2"":""38"",""Q3"":""""}",26826,709413,1,6,
111,"{""Q0"":""The largest number depending on the final destination."",""Q1"":""If the number was in red"",""Q2"":"".When I got to the largest number"",""Q3"":""The final destination."",""Q4"":""I always went for the largest number.""}",66246,534538,,,
111,"{""Q0"":""I learned that sometimes it was better to stop when I was ahead instead of getting greedy."",""Q1"":""No"",""Q2"":""22"",""Q3"":""No.""}",60551,596104,1,2,
112,"{""Q0"":""Based on the value of the first nodes"",""Q1"":""When the first two nodes equaled a decrease twice"",""Q2"":""When a positive gain was determined"",""Q3"":""To the left"",""Q4"":""Look for either both positive values or a negative positive that canceled each other out""}",136592,1062272,,,
112,"{""Q0"":""That my strategy skills need pratice"",""Q1"":""No this was very straighforward"",""Q2"":""49"",""Q3"":""I had difficulty loading the experiment at first although I used Goggle Chrome""}",78858,1142137,1,5,
113,"{""Q0"":""looked for the 48 node"",""Q1"":""no point in clicking the closest node"",""Q2"":""as soon as the 48 was found"",""Q3"":""the last nodes"",""Q4"":""as soon as you find 48 stop clicking""}",41205,456950,,,
113,"{""Q0"":""nothing"",""Q1"":""no"",""Q2"":""25"",""Q3"":""I play games all the time""}",19577,477531,-999,0,
114,"{""Q0"":""I started clicking where the money values were the highest."",""Q1"":""I did not always click the first step."",""Q2"":""I stopped clicking on paths that could not branch into a net gain."",""Q3"":""The outer branches (the 3rd step)"",""Q4"":""I only clicked on the 2nd and 1st steps if there was a \""tie\"" in the 3rd branch for value, to make sure i would get the highest value along the way.""}",90547,642150,,,
114,"{""Q0"":""I learned how to play the Web of Cash game."",""Q1"":""No"",""Q2"":""27"",""Q3"":""n/a""}",21511,664670,0,8,
115,"{""Q0"":""I knew that the last step had the largest range of values."",""Q1"":""I knew the first two steps had a much smaller range/influence on the score."",""Q2"":""When I discovered a +48 as that is the largest. If I didn't discover a +48 after 4 clicks I would often just go for +24."",""Q3"":""Any of the final step nodes."",""Q4"":""Nope.""}",101658,743139,,,
115,"{""Q0"":""Nothing."",""Q1"":""No."",""Q2"":""22"",""Q3"":""""}",14345,758509,-999,0,
116,"{""Q0"":""I clicked at the end destinations most of the time."",""Q1"":""I usually did not click on steps right in front of me"",""Q2"":""When I had found a positive number like 24 or 48"",""Q3"":""Yes"",""Q4"":""I was just trying to find the 24 or 48 and move towards that direction""}",47024,969540,,,
116,"{""Q0"":""I learned how to think quickly, and how to manage cost reduction."",""Q1"":""No"",""Q2"":""26"",""Q3"":""No additional comments""}",41287,1011845,1,5,
117,"{""Q0"":""If it could be clicked, i clicked it"",""Q1"":""I never not clicked"",""Q2"":""After there was nothing left to click"",""Q3"":""I always clicked all three circles"",""Q4"":""I was guessing how to proceed the whole time""}",111606,938096,,,
117,"{""Q0"":""That I'm a terrible guesser"",""Q1"":""I couldn't figure out a strategy or pattern"",""Q2"":""27"",""Q3"":""none""}",40935,980041,1,6,
118,"{""Q0"":""I started by randomly choosing to click on one of the last steps first"",""Q1"":""if both of the last steps were negative values"",""Q2"":""I stopped clicking when it was obvious which route was best"",""Q3"":""the top left end step"",""Q4"":""I think I could have thought my strategy through more to click less""}",117755,987551,,,
118,"{""Q0"":""I learned that sometimes it is better to make an educated guess"",""Q1"":""nope"",""Q2"":""21"",""Q3"":""I really enjoyed this and hope there are more HITs like this in the future""}",55876,1044437,1,6,
119,"{""Q0"":""if a node was 48 or 24 i would on the ones leading to it"",""Q1"":""if a node was -24 or -48 i would avoid them"",""Q2"":""When I had not seen a node for 48"",""Q3"":""On the corners of each horizontal branch of nodes"",""Q4"":""Find the 48 and then go to it""}",111134,720553,,,
119,"{""Q0"":""How to be strategic to maximize the value I would recieve"",""Q1"":""no"",""Q2"":""32"",""Q3"":""""}",38060,759623,1,5,
120,"{""Q0"":""I clicked on the end nodes of the web to see which had the highest value. If two end nodes had the same value, I would click on one, or all, of the nodes in between each to see which would earn me the most amount."",""Q1"":""For nodes at the dead end of parts of the web that had a negative value, I would not click on those because it would lower the value I earn if the spider went there. If I clicked on a node with the highest value visible, I wouldn't click on the nodes in between because chances are high that this is this the most beneficial route for the spider."",""Q2"":""I decided to stop clicking when a dead end node of the spider web showed the highest value. If the highest value was repeated, I would click on the nodes in between to see which route earned the most. "",""Q3"":""I was most likely to click on the top nodes at the ends of the web and then the bottom nodes at the ends of that part of the web. "",""Q4"":""My strategy was to typically click on the end nodes of the web to find the highest value, but if the highest value was repeated, I would click on one or all of the nodes in between each of these values and calculate which was the most beneficial route for the spider to take that would earn me the most. ""}",534456,1471149,,,
120,"{""Q0"":""I learned more about how to strategize a plan and way the benefits of certain choices in this experiment."",""Q1"":""There wasn't anything confusing or hard to understand."",""Q2"":""20"",""Q3"":""Interesting experiment.""}",85208,1557378,1,5,
121,"{""Q0"":""I tended to click well away from where I had just clicked. So if I clicked top right and got an unfavorable value, I clicked bottom left."",""Q1"":""I decided that it was only worth clicking on the end nodes. There might have been a way to make more by going to a $24 rather than a $48 endpoint sometimes, but the amount of clicking needed to discover the paths would decrease the reward enough to make it not worth it."",""Q2"":""When I found a $48 endpoint."",""Q3"":""Top right, I think. Or top left."",""Q4"":""not really""}",131004,668764,,,
121,"{""Q0"":""Bit of strategy, I guess."",""Q1"":""During the training, it took me a few rounds to understand why it was saying I \""should\"" have gone a different way. At first I didn't realize there were endpoints higher than $24, so I would find one of those and get told I should have gone another way, and that was confusing."",""Q2"":""45"",""Q3"":""""}",104981,774753,1,5,
122,"{""Q0"":""Guess"",""Q1"":""Based on previous click being positive or negative."",""Q2"":""When finding the positive $48."",""Q3"":""Chose not to click on the same spot that I just completed in the round before"",""Q4"":""Decided to only guess once.  Otherwise spent money until I found the +$48""}",255779,1042654,,,
122,"{""Q0"":""Not to move by simply guessing.  Spent the $1 for the guess to determine where to go."",""Q1"":""No"",""Q2"":""22"",""Q3"":""Interesting study.""}",85990,1129653,0,1,
123,"{""Q0"":""I started from within, clicking on the three nodes surrounding the spider. I then clicked on one of the outer nodes of each one to see which nodes contain the positive or the most outcome."",""Q1"":""I decided not to click on the nodes that have the highest negative value on the outer nodes."",""Q2"":""I stopped clicking when I found a node that has a high enough value."",""Q3"":""I mostly clicked on the inner nodes, specifically the nodes surrounding the spider."",""Q4"":""I clicked on as much nodes as possible to help me get the most value, even though it cost to reveal the value.""}",388887,938848,,,
123,"{""Q0"":""Look at other outcomes when thinking about a decision you are making to see which is best."",""Q1"":""The game itself was a bit confusing at first, but eventually I figured out what to do."",""Q2"":""24"",""Q3"":""""}",103254,1043110,1,3,
124,"{""Q0"":""Last node only, as the values are large enough that the first two don't really matter"",""Q1"":""I didn't click on the first two nodes because their values were small enough to be irrelevant."",""Q2"":""When I had found a +48 node."",""Q3"":""A randomly chosen end node."",""Q4"":""""}",50597,500002,,,
124,"{""Q0"":""I learned to ignore the first two nodes in search of a greater reward."",""Q1"":"""",""Q2"":""21"",""Q3"":""""}",25732,526747,0,1,
125,"{""Q0"":""By evaluating the end result of each path. And on occasion looking at the path to get there. "",""Q1"":""By evaluating the end result of each path. "",""Q2"":""When I had reached the maximum possible value."",""Q3"":""On all of the possible end results. "",""Q4"":""No, thank you!""}",63002,617568,,,
125,"{""Q0"":""I learned that it's best to evaluate the consequence of an action even if it worth a cost or time. "",""Q1"":""No"",""Q2"":""28"",""Q3"":""No, thank you!""}",36161,654739,1,1,
126,"{""Q0"":""I clicked the conners looking for the highest value "",""Q1"":""I didn't click the first steps because that wouldn't have been worth it"",""Q2"":""When i found a value i was satisfied with"",""Q3"":""top left"",""Q4"":""Have fun and enjoy the process of the survey""}",91408,659119,,,
126,"{""Q0"":""How to strategically guess"",""Q1"":""not at all. Great Survey"",""Q2"":""21"",""Q3"":""Thank you""}",46686,706810,1,5,
127,"{""Q0"":""I looked at the biggest goals and always went where the 48 was."",""Q1"":""I did not go where the negative was on the last one."",""Q2"":""When I found the 48 if it was on there."",""Q3"":""On the last blocks."",""Q4"":""Was trying to find the highest number.""}",67914,597634,,,
127,"{""Q0"":""This probably had a strategy but I did not know what it was."",""Q1"":""N/a"",""Q2"":""21"",""Q3"":""N/a""}",36047,634685,-999,0,
128,"{""Q0"":""The edges that had the most value to them"",""Q1"":""The first steps were meaningless compared to the values of the outer circles"",""Q2"":""Once I found the highest value, 48"",""Q3"":""The outside bubbles"",""Q4"":""Finding the highest value on the edge almost always directed to the most profitable path""}",86577,621448,,,
128,"{""Q0"":""Nothing that I didn't already know!"",""Q1"":""No!"",""Q2"":""20"",""Q3"":""""}",20979,643432,-999,0,
129,"{""Q0"":""I did not use clicks in the game"",""Q1"":""I decided not to spend them money on clicks and take my chances"",""Q2"":""I would stop clicking when i found a good path or if i felt i spent too much on clicks"",""Q3"":""The first nodes i would move the spider to "",""Q4"":""I just randomly selected a direction and went for it for the most part""}",147108,645467,,,
129,"{""Q0"":""I am not quite sure yet"",""Q1"":""no it was pretty straight forward"",""Q2"":""21"",""Q3"":""""}",99726,746208,-999,0,
130,"{""Q0"":""Randomly"",""Q1"":""Left and right looks  little complicated, so Top to click "",""Q2"":""When I looked red numbers "",""Q3"":""TOP left and right "",""Q4"":""It looks same when I choose the top left, then  I have taken top right, I got little positive results  ""}",351961,1446422,,,
130,"{""Q0"":""Move fast "",""Q1"":""Yes "",""Q2"":""20"",""Q3"":""Nothing ""}",58756,1506259,0,6,
131,"{""Q0"":""At first i looked for highest first number. But then I gave up because it seemed random."",""Q1"":""I tried not to click on the negative numbers"",""Q2"":""When I Found if the first number was positive\n"",""Q3"":""The first box"",""Q4"":""I think I should have checked higher value boxes.""}",92388,992234,,,
131,"{""Q0"":""I should check the highest value first"",""Q1"":""I didn't think of spending all my money to find the higher values..."",""Q2"":""32"",""Q3"":""""}",64571,1057810,0,1,
132,"{""Q0"":""Guess"",""Q1"":""Guess"",""Q2"":""The last spot always had the highest value"",""Q3"":""to the right"",""Q4"":""pure guessing""}",36693,720804,,,
132,"{""Q0"":""Nothing"",""Q1"":""no"",""Q2"":""51"",""Q3"":""""}",11787,733618,-999,0,
133,"{""Q0"":""I tried to find green numbers"",""Q1"":""I clicked randomly"",""Q2"":""When I found a green number"",""Q3"":""left or right"",""Q4"":""I tried to find the green numbers, but if i landed on a -2, then a -4, I would always go up.""}",63244,724569,,,
133,"{""Q0"":""That I suck at decision making"",""Q1"":"""",""Q2"":""22"",""Q3"":""""}",15374,740951,1,6,
134,"{""Q0"":""My first clicks were random. I randomly clicked on the outer circles."",""Q1"":""I followed the outcomes of the initial clicks. For example, if one of the outer nodes has a negative value then it would make absolutely no sense to click on the nodes leading to that node. Also, I clicked on the outer most nodes to see which one has the highest value. Whenever I found 48, I started checking out the nodes leading to that nodes because it has the highest value."",""Q2"":""Whenever I got the value of 48, I stopped clicking."",""Q3"":""On the outer most nodes."",""Q4"":""I tried to minimise my spending on revealing nodes by moving the spider to the nodes with the highest value which was mostly 48 and sometimes 24.""}",258544,970860,,,
134,"{""Q0"":""I can make decision without knowing full details as long as I got a concrete idea of the outcome of my decision or the vision I'm working towards to."",""Q1"":""Not at all."",""Q2"":""24"",""Q3"":""""}",71921,1043794,1,6,
135,"{""Q0"":""At first the first nodes then push through to the last but later on I just started pressing on the last nodes."",""Q1"":""Where is saw high negatives."",""Q2"":""When I found a high positive"",""Q3"":""At first the beginning nodes but later the last nodes made more sense."",""Q4"":""No""}",127082,832592,,,
135,"{""Q0"":""To start by clicking on the last nodes."",""Q1"":""No"",""Q2"":""26"",""Q3"":""Interesting and fun study, thanks!""}",36944,870587,0,1,
136,"{""Q0"":""end nodes first. Then second nodes only if there was a tied high positive value in end nodes."",""Q1"":""Never click a first node, as they are low values."",""Q2"":""Once I saw a high positive value, I generally stopped clicking and just went to it."",""Q3"":""End nodes."",""Q4"":""Click end nodes until finding a +48, or +24 if there were no 48s.  Then move to it.  After the first few trials, I figured that clicking extra nodes wasn't giving me that much more, so I stopped clicking once I found""}",301975,916968,,,
136,"{""Q0"":""Finding the +48s is the key to the game."",""Q1"":""No, just took a few trials."",""Q2"":""41"",""Q3"":""None""}",57948,975950,0,8,
137,"{""Q0"":""Starting out, I assumed there would be higher rewards further away from the starting point as it takes more work to get there. I assumed thus that higher rewards would exist on the outermost nodes."",""Q1"":""The first steps seemed to easy to produce any significant rewards"",""Q2"":""Nodes which had not ever yielded positive and high rewards"",""Q3"":""the outermost nodes - up before down, and left before right. "",""Q4"":""After clicking on one branch of the outermost node, thought it was more strategic to try an entirely different branch before trying the other node on the same branch. For example, if I clicked leftmost node branch, up, I would click another branch before clicking down on the same branch. ""}",232379,1020206,,,
137,"{""Q0"":""Some nodes had a statistically higher chance of producing results; though they were all colored the same, ones that were furthest away from the starting point were more valuable. Middle nodes were of negligible value."",""Q1"":""no"",""Q2"":""41"",""Q3"":""none""}",86319,1107535,0,8,
138,"{""Q0"":""I clicked the last step nodes first because they carried the most value. Then I clicked nodes that were on the path to the +48 to determine the best path."",""Q1"":""If a node was on the way to a low value node, then I skipped it."",""Q2"":""If I found a good path to a +48 node, I knew that was the best scenario. So I selected that path rather than checking the others."",""Q3"":""The last nodes on the paths."",""Q4"":""I got better as I went along.""}",165812,876474,,,
138,"{""Q0"":""I learned about the game and what the different strategies could be."",""Q1"":""no."",""Q2"":""32"",""Q3"":""Thank you for the bonus""}",75544,953031,0,8,
139,"{""Q0"":""Only on the outside nodes because they are more profitable "",""Q1"":""the inside nodes don't really have much of an impact "",""Q2"":""once I found a green 48"",""Q3"":""random end nodes "",""Q4"":""""}",183270,1262148,,,
139,"{""Q0"":""to minimize my clicks "",""Q1"":""no"",""Q2"":""50"",""Q3"":""""}",63928,1327081,0,1,
140,"{""Q0"":""used node inspector"",""Q1"":""used code inspector "",""Q2"":""when i found a green path to 48"",""Q3"":""outside edge"",""Q4"":""i worked my way in ""}",76061,1069848,,,
140,"{""Q0"":""im willing to spend money to make money"",""Q1"":""no"",""Q2"":""35"",""Q3"":""no""}",28190,1099046,1,4,7
141,"{""Q0"":""I checked the nodes to find a safe path."",""Q1"":""I tried to click the end nodes to find the highest amount, so I stopped clicking the ones before the end."",""Q2"":""I stopped clicking when I found the $48."",""Q3"":""I started out clicking my next node, but ended up clicking the end nodes when I realized that's where the highest amounts were."",""Q4"":""I took the bad and good on the way to the $48 node.""}",118601,1847337,,,
141,"{""Q0"":""I learned that taking some small hits on money is okay if the end amount is high enough to make up for it and still come out ahead."",""Q1"":""Not at all."",""Q2"":""48"",""Q3"":""It was fun!""}",48509,1896873,1,4,7
142,"{""Q0"":""In the earlier rounds, I would just keep clicking until I reached the end of a pathway to get a sense of the potential web layouts. I determined that every web layout had at least one path that ended with a positive $24 or $48 node with no or very few negative dollar nodes. As the rounds progressed, I would try to follow a positive dollar path of nodes with the lowest negative dollar nodes to ultimately reach a positive $24 or $48 node."",""Q1"":""I initially wanted to avoid any paths with multiple negative dollar nodes. However, I was ultimately searching for the final node amount (positive $24 or $48), which could sometimes be preceded by negative dollar nodes. I would only decide not to click on a node/path when I had found what I believed to be the highest payout path of nodes (a positive $24 or $48 ending node, with no or few negative dollar nodes on the way)."",""Q2"":""I stopped clicking when I uncovered a path that ended with a positive $24 or $48 node, with no or few negative dollar nodes on the way (especially if the path led to the highest payout node of $48)."",""Q3"":""I simply started each round by clicking the node that was directly to the right of the starting node because I did not see a particular node pattern to the web paths (paths seemed to be randomly generated for each round)."",""Q4"":""I calculated that if I revealed all of the nodes in each round, the cost would be $12. By uncovering full pathways in the earlier rounds, I discovered that the payout would always be more than $12 (higher profit) if I kept searching until I found a node pathway that ended with a positive $24 or $48 node.""}",4116280,5483573,,,
142,"{""Q0"":""I learned not to be too hasty when making determinations. By taking the time to reveal pathways in the earlier rounds, I was able to make faster and better decisions as the rounds progressed."",""Q1"":""No. I think the study was well designed, easy to follow, and fun to boot!"",""Q2"":""45"",""Q3"":""No issues to report. Thank you!""}",239025,5723606,0,5,8
143,"{""Q0"":""I used what I learned during training."",""Q1"":""I used what I learned during training."",""Q2"":""When I saw the best option (to me), I stopped clicking. If I saw $48, then I stopped clicking."",""Q3"":""On the outside circles, the ones I was told to click on during training."",""Q4"":""No, not really.""}",146768,853064,,,
143,"{""Q0"":""It is best to complete as few steps as possible. The fewer steps completed, the better."",""Q1"":""No."",""Q2"":""26"",""Q3"":""No""}",95507,949589,0,1,8
144,"{""Q0"":""I would click on the ends, to see if it was negative points or not"",""Q1"":""I did not want to click on a node that was partway through my path, only the end point because that had the most points"",""Q2"":""I clicked every time, it was invaluable information"",""Q3"":""On an end node"",""Q4"":""Just to click on an end node and if the value was negative, to still go in that direction but end up at the opposite node. ""}",145485,879944,,,
144,"{""Q0"":""I learned my own personal strategy for the task, but it was still a gamble."",""Q1"":""no"",""Q2"":""35"",""Q3"":""none""}",37391,918343,0,6,
145,"{""Q0"":"""",""Q1"":"""",""Q2"":"""",""Q3"":"""",""Q4"":""""}",3915,853912,,,
145,"{""Q0"":"""",""Q1"":"""",""Q2"":"""",""Q3"":""""}",5695,860625,-999,0,
146,"{""Q0"":""I started with the end value first."",""Q1"":""I never considered where not to click."",""Q2"":""After I figured the path I would take."",""Q3"":""On the ends on the left and right sides."",""Q4"":""Just tried to do the least amount of clicking to get the biggest rewards.""}",74334,982987,,,
146,"{""Q0"":""It was worth losing a few points to know I was on the path to a higher payout at the end than click on everything on the board."",""Q1"":""No, it was fun."",""Q2"":""37"",""Q3"":""Fun study, thanks.""}",58298,1042293,0,1,
147,"{""Q0"":""I went with the highest monetary node i uncovered"",""Q1"":""where the most negative amounts were"",""Q2"":""when I could easily guess where my best move would be "",""Q3"":""at the end of the web"",""Q4"":""""}",45646,762636,,,
147,"{""Q0"":"""",""Q1"":""no"",""Q2"":""24"",""Q3"":""""}",15498,779138,-999,0,
148,"{""Q0"":""JUST LUCK"",""Q1"":""IF IT HAD A MINUS SIGN"",""Q2"":""LUCK"",""Q3"":""MOSTLY LEFT"",""Q4"":""NO""}",77493,861870,,,
148,"{""Q0"":""FOLLOW YOUR INSTNCTS"",""Q1"":""NO"",""Q2"":""63"",""Q3"":""NONE""}",40137,903012,1,6,
149,"{""Q0"":""I dint click "",""Q1"":""I dint click"",""Q2"":""I dint click"",""Q3"":""I dint click "",""Q4"":""None""}",181365,1139173,,,
149,"{""Q0"":""Some aspects"",""Q1"":""No"",""Q2"":""34"",""Q3"":""None""}",233651,1373835,0,6,
150,"{""Q0"":""I clicked the farthest out first"",""Q1"":""I didn't click near the lowest values"",""Q2"":""when the highest value path was certain"",""Q3"":""the outermost circles"",""Q4"":""make the money""}",53568,757871,,,
150,"{""Q0"":""I learned to click for help"",""Q1"":""nope"",""Q2"":""43"",""Q3"":""thanks!""}",19538,778421,0,6,
151,"{""Q0"":"""",""Q1"":"""",""Q2"":"""",""Q3"":"""",""Q4"":""""}",2234,852817,,,
151,"{""Q0"":"""",""Q1"":"""",""Q2"":"""",""Q3"":""""}",6864,860687,-999,0,
152,"{""Q0"":""Extremities controlled max outcome"",""Q1"":""inner nodes made little difference"",""Q2"":""When there was a clear winner"",""Q3"":""Outside bottom left"",""Q4"":""Once one of the three trees hit a48 I could, in hindsight, stop worrying about that one.""}",55928,603552,,,
152,"{""Q0"":""Not to overclick"",""Q1"":""No."",""Q2"":""46"",""Q3"":""Comments has 2 'm's in it?  :)\n\nInteresting puzzle.""}",28030,632597,0,6,
153,"{""Q0"":""Gues"",""Q1"":""Guess"",""Q2"":""Guess"",""Q3"":""Up"",""Q4"":""Nope""}",145888,576954,,,
153,"{""Q0"":""Nothing"",""Q1"":""Nothing"",""Q2"":""24"",""Q3"":""""}",9202,587164,-999,0,
154,"{""Q0"":"""",""Q1"":"""",""Q2"":"""",""Q3"":"""",""Q4"":""""}",5681,994816,,,
154,"{""Q0"":"""",""Q1"":"""",""Q2"":"""",""Q3"":""""}",12160,1007982,-999,0,
